text,label,notes
"Jokic is the most efficient offensive big in NBA history. His career PER of 31.1 is the highest ever recorded and he shoots 57% from the field while averaging a triple-double. No other center has combined playmaking at this level with interior scoring.",analysis,
"The Celtics defensive rating drops 8 points when Tatum guards the perimeter vs the paint. Over the last 10 games opponents are hunting that mismatch every single possession. The data is pretty clear on this.",analysis,
"LeBron's usage rate in clutch situations has dropped to 28% this season compared to 34% last year. That's a significant shift and it correlates directly with their 4th quarter struggles. Someone needs to be the closer.",analysis,
"Warriors offense runs through the Curry off-ball movement. When he gets fewer than 6 off-ball screens per game their offensive rating drops by 12 points. Teams that take that away force Draymond into creation and it simply does not work.",analysis,
"The assist to turnover ratio tells the whole story this playoffs. Denver is at 2.8, every team they beat was under 2.1. It is not a coincidence. Ball security at this level is the difference between rounds.",analysis,
"Tatum's pull-up three point percentage is 38% this season on high volume. That puts him in the 94th percentile among wings. His shot creation off the dribble has genuinely improved and the numbers back it up.",analysis,
"Anthony Davis is the best two-way player in the league right now and it is not particularly close. Look at his defensive win shares compared to any other big over the last three seasons.",analysis,
"The pick and roll coverage scheme the Heat use is genuinely sophisticated. They drop on non-shooters, hedge on Curry types, and switch on bigs. The decision tree their defenders use is more complex than most teams.",analysis,
"Giannis post-up efficiency is in the 72nd percentile this season. People sleep on how much the mid-range has added to his game. Teams can no longer go under screens on him and that changes everything.",analysis,
"OKC's offensive rebounding rate of 31% leads the league and it directly compensates for their below average three point shooting. Holmgren's positioning on misses is almost perfectly calculated.",analysis,
"Durant's true shooting percentage on step-back threes is 61%. For context the league average on that shot type is 53%. It is genuinely one of the most unguardable actions in basketball history.",analysis,
"The Suns have the worst transition defense in the league this season. They are giving up 1.18 points per possession in transition which is catastrophically bad. Until that is fixed they will not go anywhere in the playoffs.",analysis,
"Luka's passes out of the post this season have generated 1.4 points per possession for his teammates. That is elite playmaking from a non-traditional position. He has turned himself into the best passing big in the game.",analysis,
"Bam Adebayo's screen assist numbers are massively underrated. He sets more effective screens than anyone in the league and the Heat's offense collapses when he sits. You will never see it in a box score.",analysis,
"Minnesota's defensive scheme relies entirely on Gobert's vertical spacing. When he is on the floor opponents shoot 8% worse at the rim. Remove him and the whole system falls apart statistically.",analysis,
"LeBron is the GOAT and it is not even close. Jordan wouldn't survive in today's game. The athleticism alone would eat him alive.",hot_take,
"The Warriors dynasty is the most overrated run in NBA history. Anyone could have won with that roster. Kerr is a fraud coach.",hot_take,
"Kyrie Irving is the most talented player to ever pick up a basketball. His handle is on another planet. It is a shame about everything else.",hot_take,
"The NBA is soft now. Players in the 80s and 90s would destroy this current generation. The game has been watered down completely.",hot_take,
"Kobe was better than LeBron. There I said it. Mentality and killer instinct matter more than stats and Kobe had it and LeBron doesn't.",hot_take,
"The three point revolution ruined basketball. Watching five guys stand around the arc and chuck threes is not basketball. Give me the 90s game any day.",hot_take,
"Westbrook is the most overrated player in NBA history. Triple doubles mean nothing if your team keeps losing. Empty stats king.",hot_take,
"Kawhi Leonard is the most overrated superstar in the league. One good playoff run and everyone acts like he is an all timer. Please.",hot_take,
"The Knicks are actually going to win the championship this year. I can feel it. Something is different about this team.",hot_take,
"James Harden is a fraud in the playoffs and everyone knows it. Regular season stats merchant who disappears when it matters.",hot_take,
"Ben Simmons ruined the 76ers. Everything that went wrong there is entirely his fault. The most mentally weak player in league history.",hot_take,
"The refs are literally deciding games for the Lakers. It has been going on for decades. The fix is in and always has been.",hot_take,
"Zion Williamson is going to be the best player in the league within two years if he stays healthy. The talent is completely otherworldly.",hot_take,
"College basketball is more entertaining than the NBA right now. The product has gotten stale and I am not watching until something changes.",hot_take,
"The MVP award has been meaningless since they started giving it to stats compilers. Wins should be the only thing that matters for that award.",hot_take,
"Any team with two top-10 players should be making the Finals. If you are not it is entirely the coach's fault. No excuses.",hot_take,
"CURRY JUST HIT THAT FROM HALF COURT NO WAY 😭😭😭 I am actually shaking right now",reaction,
"I cannot believe they traded him. Season is over. I am done with this team until further notice.",reaction,
"That dunk just broke my soul. How is that even legal. The man is not human.",reaction,
"WE ARE GOING TO THE FINALS LETS GOOOO 🏆🏆🏆 I have waited 12 years for this moment",reaction,
"That was the worst call I have ever seen in my entire life. The refs should be ashamed of themselves.",reaction,
"He just dropped 60 points. SIXTY. I am genuinely in shock right now. Historic night.",reaction,
"I cannot watch this anymore. Down 20 in the fourth again. Same story every single year.",reaction,
"That block at the buzzer. I screamed so loud my neighbor knocked on my wall. Worth it.",reaction,
"Did that just happen. Did that JUST happen. I need a moment. Unbelievable.",reaction,
"The way he celebrated after that shot is giving me life right now. Pure joy. This is why I watch.",reaction,
"I have never been more stressed watching a basketball game in my life. My heart cannot take this.",reaction,
"They just announced the trade and I am genuinely devastated. Grew up watching him. End of an era.",reaction,
"OVERTIME AGAIN. This team is going to give me a heart attack I swear.",reaction,
"That crossover should be illegal. The defender's ankles are somewhere in the parking lot right now.",reaction,
"I literally jumped off my couch on that play. My dog is looking at me like I have lost my mind. Worth it.",reaction,
"The Nuggets defensive scheme when protecting a lead is genuinely underappreciated. Murray drops to the nail, Porter clogs the paint, and Jokic dares you to beat him from the perimeter.",analysis,
"Boston's transition offense is the most efficient in the league at 1.23 points per possession. That number is built on Tatum and Brown's finishing ability and White's decision making in the open floor.",analysis,
"The reason the Clippers keep underperforming is structural. They have no true point guard who can run an offense and their spacing collapses whenever Leonard or George iso for more than two possessions in a row.",analysis,
"Victor Wembanyama's shot blocking rate of 4.4 per game is historic for a rookie. His ability to protect without fouling suggests exceptional timing. The vertical leap is secondary to the anticipation.",analysis,
"Miami's zone defense is only effective in short bursts statistically. Teams that see it more than twice per game shoot 6% better against it in the second viewing. Butler knows this and uses it strategically.",analysis,
"The reason young teams struggle in the playoffs comes down to timeout management. Veteran coaches know when to call them and rookie head coaches are a full minute behind on average per game in crunch time.",analysis,
"LeBron is massively overrated lol. He literally has help every single time he has won. What has he done alone? Nothing.",hot_take,
"This generation of NBA players is the worst ever. Nobody wants to play defense and everyone flops. Embarrassing product.",hot_take,
"Doncic is just a fat Harden. Great regular season, gone in the playoffs. Show me a ring before we talk greatness.",hot_take,
"The NBA officiating is a complete joke and has been for years. They are calling games based on star power not actual fouls.",hot_take,
"Embiid will never win a championship. Too injury prone, too soft mentally. Great player but not a winner.",hot_take,
"Everyone sleeping on the Pacers this year is going to feel very embarrassed come June. Mark my words.",hot_take,
"Oh my god he just posterized him SO badly. That man needs to retire after that. I am crying laughing.",reaction,
"First game back after the injury and he drops 35. I am not crying you are crying. What a moment.",reaction,
"The arena just went completely silent after that turnover. You could hear people breathing. Horrifying.",reaction,
"Back to back threes. BACK TO BACK. I need to lie down. This man is not real.",reaction,
"They just showed the injury replay and I had to look away. Praying for a speedy recovery. Gutting.",reaction,
"Championship parade tomorrow and I took the day off work already. This city needed this so badly.",reaction,
"Can someone explain what I just watched because I have no idea what happened but we won somehow.",reaction,
"The Grizzlies pace of play at 101.2 possessions per game creates matchup problems because most halfcourt defenses are optimized for 97 to 99 possession games. They are literally outrunning defensive schemes.",analysis,
"Devin Booker's efficiency in isolation situations is 0.94 points per possession which ranks 78th percentile among all scorers. Good not great. His value comes from the gravity he creates for Durant and the actions that follow.",analysis,
"Philadelphia's second unit has a net rating of minus 8.2 which is catastrophically bad. They have no reliable ball handler off the bench and teams are teeing off on their defensive rotations in those stretches.",analysis,
"The reason Portland is losing so many close games is their late game fouling decisions. They are fouling up three with 15 seconds left twice per week on average. Basic game management is costing them wins.",analysis,
"Nikola Jokic would average 40 points per game if he wanted to. He is the most unselfish superstar in league history and it is actually kind of insane.",hot_take,
"The Lakers should blow it up immediately. Rebuild now. Stop wasting LeBron's final years on this mediocre roster.",hot_take,
"That shot is going to live forever. Nobody in that building will ever forget where they were standing. Gave me chills.",reaction,
"Lost by one point off a bad call in the final second. I am actually nauseous. Cannot believe what I just watched.",reaction,
"His face when they announced him as Finals MVP. That right there is why sports matter. Genuinely emotional.",reaction,
"The way OKC shares the ball is a direct reflection of their coaching staff. Their assist percentage of 67% is the highest in the league and their offensive system creates open threes through movement rather than isolation.",analysis,
"LeBron passing to teammates at the end of close games is not loyalty it is cowardice. Carrying a team means taking the last shot period.",hot_take,
"Seven game series and it came down to this possession. I have not breathed in four minutes. This is everything.",reaction,
"The real reason small market teams cannot compete long term is max contract math. A player worth 30 million gets paid the same whether he is in New York or Oklahoma City. Geography matters in free agency.",analysis,
"Dame Lillard to Milwaukee was the worst trade in NBA history. Portland got nothing and now he is unhappy there too. Disaster.",hot_take,
"When they showed the goodbye video for him in the arena I completely lost it. Fifteen years of memories. Nothing will be the same.",reaction,
"Houston's rebuild is being executed better than any rebuild since Oklahoma City in 2012. Their draft hit rate over the last four picks is unprecedented and their salary cap flexibility going into 2025 is enormous.",analysis,
"Ja Morant would be the best player in the league if he just stayed out of trouble. The talent is top three on the planet. Everything else is self inflicted.",hot_take,
"First playoff game at the new arena and the energy was unreal. The building was shaking on that last possession. That is what basketball is supposed to feel like.",reaction,
"The reason zone defense is making a comeback is spacing. When teams shoot 42% from three it collapses the logic of man coverage. Coaches are being forced to adapt.",analysis,
"Every team in the East is terrified of Boston right now and rightfully so. They are built perfectly for playoff basketball.",hot_take,
"His son was in the stands watching him play tonight and the camera caught the moment. I am not okay. What a beautiful game.",reaction,
"Phoenix suns spacing with Durant at the five is genuinely elite. They shoot 46% on corner threes when he is the nominal center because the defense cannot sag off him.",analysis,
"Trae Young is the most overrated point guard of his generation. Pretty passes in the regular season but where are the wins when it counts.",hot_take,
"Walk off buzzer beater in game seven. I will never forget this night as long as I live. Pure pandemonium.",reaction,
"The Thunder are playing the most fundamentally sound basketball in the league right now. Their turnover rate is second lowest in the NBA and they defend without fouling better than anyone.",analysis,
"Bron should have stayed in Cleveland. Everything after that first championship felt like resume padding. Legacy would have been cleaner.",hot_take,
"The rookie just scored 50 in his second career game and I genuinely do not know how to process what I am seeing.",reaction,
"Indiana Pacers transition offense averages 1.31 points per possession which leads the league by a significant margin. Haliburton's decision to push pace even off missed threes is the key variable.",analysis,
"The entire Eastern Conference is fraudulent this year. Any team from the West would win the East by ten games. Complete joke.",hot_take,
"Team just clinched a playoff spot for the first time in six years and grown men in the locker room are crying. This moment is everything.",reaction,
"Sacramento Kings shot selection under the new coach has improved dramatically. Their frequency on shots inside three feet or beyond the arc is 71% which is up from 58% last season.",analysis,
"Scoot Henderson is a generational talent being ruined by a bad organization. If he was on a real team we would already be talking about him as a top five player.",hot_take,
"He dropped to one knee after the final whistle and just stayed there for a full minute. Fifteen seasons and finally a ring. I cannot.",reaction,
"The reason mid range shooting is coming back is defensive load management. Teams are increasingly choosing not to contest pull up twos late in games to preserve energy for three point contests.",analysis,
"Nobody in NBA history has ever been as hyped and delivered as little as Anthony Bennett. Nothing comes close. Historic bust.",hot_take,
"Crowd just rushed the court after that upset and I was in there somewhere screaming my lungs out. Best night of my life no question.",reaction,
"Minnesota's offensive rebounding strategy under Finch is specifically designed to trigger transition defense confusion. They send the same two players every time which forces opponents to commit to a rotation early.",analysis,
"The East will never produce a dynasty team because the talent distribution is too uneven. Every great Eastern team gets picked apart in free agency within three years.",hot_take,
"My son is nine years old and that was his first playoff game. The look on his face when we won in overtime. I will never forget that as long as I live.",reaction,
"Cleveland Cavaliers defense this season is historically good in the halfcourt. Their defensive rating of 106.4 ranks second all time through forty games. Mobley and Allen are the best defensive frontcourt in a generation.",analysis,
"Zach LaVine is the most wasted talent in the league. Give him a real system and a real coach and he is a top ten player immediately.",hot_take,
"Final second heave and it went in. The building exploded. Strangers were hugging. I have never experienced anything like it in my life.",reaction,
"The way Oklahoma City passes out of the pick and roll is genuinely beautiful. Gilgeous-Alexander averages 0.4 hockey assists per game which means his passes are creating open shots two passes later.",analysis,
"Whoever is running the Wizards front office should never work in basketball again. The decision making has been criminally bad for a decade.",hot_take,
"Both teams left everything on the floor tonight. Shook hands at center court. That is what playoff basketball is supposed to be.",reaction,
"Memphis is building something genuinely special. Their core is all under 24 and their defensive versatility already rivals teams that have been built for years.",analysis,
"The refs gifted them that game and everyone watching knows it. I am genuinely furious right now.",reaction,
"Chet Holmgren is going to win multiple Defensive Player of the Year awards before his career is over. The instincts are generational.",hot_take,
"The difference between Golden State winning and losing is almost entirely determined by their three point percentage variance. On nights they shoot above 38% they are 31 and 4. Below 34% they are 3 and 19.",analysis,
"That is the greatest performance I have ever seen live. Forty eight points in a must win game seven. I witnessed history tonight.",reaction,
"The NBA should just give Jokic the MVP every year and stop pretending there is any competition. The debate is embarrassing at this point.",hot_take,
"New Orleans has the most underrated roster construction in the league. Their second unit outscores opponents by 6.2 points per 100 possessions which is the best backup unit differential in basketball.",analysis,
"That celebration at center court with his teammates after the series win. You can see exactly what this team means to each other. That is the real championship right there.",reaction,
"Donovan Mitchell carried that team to the second round entirely by himself and people still do not respect him as a top ten player. Embarrassing.",hot_take,
"The reason Dallas lost that series comes down entirely to second chance points. Phoenix grabbed 14 offensive rebounds per game in the series and converted them at 68%. That is not a scheme issue that is effort.",analysis,
"Dropped everything to watch the last four minutes of that game on my phone in a parking lot. We won. I screamed alone in my car for thirty seconds. No regrets.",reaction,
"Jaylen Brown deserves more credit than he gets. On any other team he is the clear first option and a perennial All Star.",hot_take,
"The evolution of the point center position over the last decade tracks almost perfectly with the rise of switch heavy defenses. When everything gets switched teams need bigs who can make decisions with the ball.",analysis,
"That is going to be on every highlight reel for the next twenty years. One of the most clutch shots in playoff history and I watched it live.",reaction,
"Toronto made the biggest mistake of the decade letting Kawhi walk. Everything that has gone wrong since traces back to that summer.",hot_take,
"Detroit's rebuild is ahead of schedule. Cade Cunningham's development curve looks more like a year four player than year three and their draft capital situation is enviable.",analysis,
"The noise in that building when he hit the go ahead three was physically painful. I could feel it in my chest from row 22.",reaction,
"Luka Doncic is going to win six MVP awards before he is done. Calling it now. The talent ceiling is completely unreachable.",hot_take,
"The Charlotte Hornets have been irrelevant for so long that national media has completely forgotten how to cover them. LaMelo Ball deserves a better situation.",hot_take,
"When they cut to his mom in the crowd after the championship clincher I completely fell apart. She raised him alone and now he has a ring. Sports are so beautiful sometimes.",reaction,
"San Antonio is doing everything right in the rebuild. They are not rushing Wembanyama, developing the supporting cast around him, and staying patient with the process.",analysis,
"The Celtics are going to repeat as champions this year. The roster is deeper, Tatum is better, and the East has gotten weaker. Easy call.",hot_take,
"Every time this team breaks my heart I tell myself I am done watching. And then October comes. It is a disease.",reaction,
"Atlanta Hawks spacing around Trae Young is among the best in the league. Their corner three frequency is 31% which creates the exact driving lanes his game requires.",analysis,
"The draft is completely unpredictable and anyone who claims otherwise is selling something. Half the top five picks over the last decade have been busts.",hot_take,
"The moment they won I immediately called my dad because we have watched this team together my whole life. He picked up on the first ring and neither of us said anything for about ten seconds. Just crying.",reaction,
"Orlando is the most interesting young team in basketball right now. Franz Wagner's offensive versatility combined with their defensive infrastructure gives them a real path to contention within two years.",analysis,
"Scottie Barnes is going to be a perennial All Star and Toronto fans have no idea how good they have it right now.",hot_take,
"Absolutely sick to my stomach after that loss. We had it. We had it and let it go. Cannot sleep. Cannot think straight.",reaction,
"The reason Portland's rebuild keeps stalling is draft selection philosophy. They keep picking safe high floor players when the franchise needs a high ceiling star to build around.",analysis,
"The referees in this league are completely incompetent and the NBA does not care because the right teams keep winning.",hot_take,
"His tears after that final buzzer said everything words never could. Fourteen years of work for this one moment. I am so happy for him.",reaction,
"Brooklyn's defensive problems are structural not personnel based. Their drop coverage scheme is fundamentally incompatible with the way modern offenses attack the nail.",analysis,
"Stephen Curry is the greatest shooter of all time by such a massive margin that the debate should have ended five years ago.",hot_take,
"Complete meltdown in the fourth quarter AGAIN. I threw my remote. My wife is not impressed. Totally worth it.",reaction,
"The way Golden State develops players is genuinely a masterclass. Their player development staff turns second round picks into rotation contributors at a higher rate than any franchise in the league.",analysis,
"Joel Embiid plays the most unwatchable basketball of any star in the league. Fouling his way to the line every single possession is not basketball.",hot_take,
"Cannot believe I stayed up until 2am for this. Back to back overtimes and we lost. Work in five hours. Zero regrets.",reaction,
"Chicago Bulls shot creation metrics are genuinely alarming. They rank 28th in frequency of shots at the rim and their pull up two point frequency of 24% is unsustainably inefficient.",analysis,
"Any team that has not won a championship in the last ten years simply does not want it badly enough. Championships are earned by desire.",hot_take,
"The way the whole city showed up for the parade today made me genuinely emotional. Sport does things to communities that nothing else can replicate.",reaction,
"Miami Heat culture is the most genuinely unique organizational philosophy in professional sports. Their undrafted player development track record over 15 years is not luck it is system.",analysis,
"The MVP voters have been completely wrong every single year for the last decade. The award means nothing anymore.",hot_take,
"Best basketball game I have ever watched in person. Both teams were unbelievable. I have no voice left and I do not care at all.",reaction,
"The rise of switchable wings has fundamentally changed how teams construct rosters. Centers who cannot defend on the perimeter are now a net negative even if they are dominant on the other end.",analysis,
"There is absolutely zero chance this team makes the playoffs. The front office should be embarrassed by what they have put on the floor.",hot_take,
"I just saw a 19 year old kid live his dream in real time. Drafted first overall, first career basket, full arena on its feet. I needed that today.",reaction,
"Utah Jazz player development pipeline under their current regime has been exceptional. Six players developed internally now start for other playoff teams.",analysis,
"Everyone acting like this is a rebuilding year needs to stop making excuses. Bad teams rebuild. Good organizations compete.",hot_take,
"That moment after the win when he found his family in the stands and just held them. I am not okay. Beautiful.",reaction,
"The Bucks need to blow it up immediately. The Giannis window is closing and they are wasting it with mediocre supporting pieces.",hot_take,
"Phoenix Suns halfcourt execution in crunch time ranks last in the league by offensive rating in the final two minutes of close games. They have no set plays and it is costing them games they should win.",analysis,
"He scored 60 and lost and people want to talk about team basketball. No. Give me the highlights. That was art.",reaction,
"The Warriors will never be relevant again. The dynasty is dead and this rebuild is going nowhere fast.",hot_take,
"Toronto Raptors defensive versatility under Nurse was historically elite and the organization fundamentally did not understand what they had until it was gone.",analysis,
"NBA Twitter is completely disconnected from actual basketball. The narratives they push have nothing to do with what is happening on the court.",hot_take,
"The whole bench standing and screaming on that last play. You can see exactly how much this team loves each other. That energy is why they keep winning.",reaction,
"Indiana's pace and space offense is genuinely revolutionary for a team without a traditional superstar. They are proving you can win in the modern NBA with four above average players and elite system basketball.",analysis,
"This franchise deserves to suffer. Every decision they have made for ten years has been wrong and the fans deserve better.",hot_take,
"My grandfather watched his first NBA game tonight at 81 years old. We won in double overtime. He stood up and cheered on the last play. One of the best nights of my life.",reaction,
"Denver Nuggets halfcourt offense is the most efficient in league history over a three year sample. Their points per possession in the halfcourt at 1.14 has never been matched over a sustained period.",analysis,
"Load management is ruining the NBA. Players are being paid maximum contracts to sit on benches in February. The league needs to address this immediately.",hot_take,
"The comeback from 20 down in the fourth quarter. The entire arena losing their minds. I will tell my grandchildren about this night.",reaction,
"Sacramento Kings three point attempt rate improvement under their current coach tracks almost perfectly with their win percentage improvement. Shot selection philosophy changes can transform franchises.",analysis,
"Draft Twitter predictions are worthless. Every single year the consensus top prospect busts and the sleeper pick becomes a star. Nobody actually knows anything.",hot_take,
"Just got home from the game. Lost my voice. Lost my mind. Found my soul. Basketball.",reaction,
"The reason transition defense matters more in the playoffs is pace reduction. Teams slow down by 3 to 4 possessions per game in April compared to February. Every possession becomes more valuable and transition points shift series.",analysis,
"Tyrese Haliburton is the most underrated point guard in the league. His hockey assist numbers are the best in the NBA and traditional stats do not capture half of what he contributes.",hot_take,
"He just hit five threes in a row and I am standing in my living room alone clapping like a maniac. Nobody can see me. I do not care.",reaction,
"The way Boston builds roster depth through two way contracts is genuinely a competitive advantage. They have had the best performing two way players in the league for three straight seasons.",analysis,
"Carmelo Anthony should be a first ballot Hall of Famer and anyone who disagrees is letting off court stuff cloud their basketball judgment.",hot_take,
"Final game of the regular season and everything is on the line. I have not eaten since noon. It is 9pm. This team does this to me.",reaction,
"Memphis Grizzlies physical style of play under Taylor Jenkins measurably increases opponent foul rate. They draw 24% more fouls than league average because of how they attack the body on drives.",analysis,
"The trade deadline has been completely ruined by the second apron rules. General managers are paralyzed and fans are being robbed of the most exciting day of the NBA calendar.",hot_take,
"They clinched it with a dunk and the camera caught the owner crying in his suite. After everything this franchise has been through. Chills.",reaction,
"New York Knicks defensive rebounding rate of 78% is the foundation of everything they do well. When that number drops below 74% in any given game they are 2 and 14 this season.",analysis,
"The G League is completely broken as a development pipeline. European leagues develop players better and the NBA refuses to acknowledge it.",hot_take,
"He played through that injury for three straight months and nobody knew. Told us after the season. I respect that man so much it hurts.",reaction,
"Milwaukee's offensive decline this season maps almost perfectly to their screen setting frequency drop. Giannis is getting fewer clean looks because teammates are not doing the dirty work they did in the championship years.",analysis,
"The entire concept of load management is just rich athletes choosing not to do their jobs. Any other profession and you get fired.",hot_take,
"The standing ovation he got in every arena on his retirement tour this season. Even rival fans stood. That is the mark of a true legend.",reaction,
"Golden State's bench scoring has declined by 11 points per game over three seasons which directly explains their fall from contention. The core is the same but the supporting infrastructure has collapsed.",analysis,
"Kevin Durant made the worst decision in basketball history going to Golden State. Ruined his legacy for rings that will never feel real.",hot_take,
"We were down 15 with four minutes left and came back to win. I aged ten years. I would do it again immediately.",reaction,
"The Charlotte Hornets spacing with their current roster creates the worst shot quality in the league. Their frequency on mid range two pointers is the highest in the NBA and their conversion rate on those shots is below average.",analysis,
"Wembanyama is going to be the greatest player of all time. Not a maybe. A certainty. We are watching history every single night.",hot_take,
"That little kid in the front row who caught the errant pass and held it up like a trophy. His whole face. That is the entire reason sports exist.",reaction,
"The reason Portland cannot attract free agents is not market size it is roster construction. Players do not want to come to a rebuild without a clear timeline or a star to play alongside.",analysis,
"Everyone who ever doubted this team owes them an apology. Every single analyst. Every single media member. I want receipts.",hot_take,
"Four overtimes. FOUR. It is 1am on a Tuesday. I have work tomorrow. I watched every second. I would do it a thousand times.",reaction,
"Oklahoma City's salary cap management over the last four years has been the best in the league. They have max contract flexibility, significant draft capital, and a young core all under their second contracts.",analysis,
